mapX,mapY,sourceX,sourceY,enable
171753.05435647952,1132938.0067740825,1531.284,-1153.6558,1
171759.48300632613,1132877.2983375138,1565.7311,-1251.3201,1
171721.43519033532,1132597.1811939348,1552.5603,-1687.607,1
171974.07586755723,1132577.7974625041,2052.361,-1861.5812,1
171787.22617642744,1132466.3333458796,1719.375,-1978.1687,1
172295.33056699415,1132428.6641251477,2512.0686,-1996.0028,1
171771.06570467728,1132417.9747937382,1726.957,-2076.8054,1
172519.90036572624,1132351.3319836413,2806.1375,-2088.2793,1
171997.29138500916,1132353.4232082649,2064.075,-2133.6187,1
172218.63283846248,1132334.1098193598,2401.264,-2129.1658,1
172165.02055296037,1132262.709066038,2286.5193,-2163.4492,1
171752.85528379647,1132348.8806135731,1695.4375,-2198.3896,1
172275.1857385136,1132274.3036053234,2461.4375,-2204.8667,1
172016.37063044275,1132250.619544848,2082.8203,-2250.206,1
172520.49732112105,1132214.1633597317,2828.1711,-2260.7102,1
171961.3699462114,1132207.1559278513,2016.8251,-2314.977,1
172108.01011336313,1132205.2920758845,2198.125,-2308.5,1
171951.24598010228,1132142.5118747293,1960.7919,-2424.0205,1
171882.0429133443,1132139.2173303592,1887.969,-2436.826,1
172177.96282537773,1132110.1511944775,2270.6533,-2423.8938,1
172137.67524474364,1132094.48364834,2212.9197,-2463.4924,1
172581.79712950604,1132091.9636239747,2910.3003,-2462.9812,1
172383.95267374217,1132079.5571392647,2631.0894,-2483.3813,1
172304.42442567114,1132065.879018182,2504.525,-2515.7666,1
171823.96176477993,1132068.7055017587,1795.0745,-2559.3718,1
171943.46439704503,1132051.2168659484,1920.3704,-2567.5833,1
172133.29005177182,1132032.3636883534,2209.7344,-2554.6292,1
172579.0109706898,1132041.1774496862,2915.3767,-2547.671,1
172430.9746166427,1132002.698644956,2702.1611,-2593.4917,1
172029.1863698366,1131981.6960895155,2062.114,-2638.875,1
172317.36817701918,1131985.574512243,2542.2703,-2619.3313,1
172848.44110947367,1132008.2389486255,3343.4587,-2616.5178,1
171726.94915913316,1131954.581653092,1648.0554,-2703.8816,1
171916.25868375538,1131972.3966267896,1894.0593,-2704.0208,1
172541.8406909614,1131949.4399817907,2869.6877,-2690.648,1
172409.71013872506,1131935.1829919189,2671.9126,-2730.079,1
171631.0876982539,1131926.0006890877,1468.5564,-2787.8042,1
171433.15462532005,1131851.4353219492,1225.6849,-2839.556,1
172469.0790674293,1131891.9821366786,2767.9438,-2788.7104,1
172881.7658709194,1131895.208972231,3416.1545,-2756.1375,1
171659.8778630307,1131888.6177637996,1509.1688,-2833.1438,1
172049.30843680908,1131868.6241361282,2147.7854,-2822.6206,1
171745.15606287122,1131889.2492214318,1653.9655,-2852.2014,1
171482.62850031687,1131844.7735986402,1312.6807,-2875.704,1
172552.09691035026,1131818.502711212,2897.586,-2879.9146,1
172474.51749749744,1131829.6031141158,2785.878,-2886.328,1
171500.9622294257,1131796.7401125135,1311.1829,-2958.0896,1
172042.1389319597,1131799.1214528556,2140.6748,-2949.7312,1
171562.8808528644,1131768.3296939977,1427.234,-2989.984,1
172117.72670034406,1131736.4178498902,2250.3472,-3029.75,1
172504.1766934915,1131726.943438634,2839.8113,-3012.9265,1
172004.77507580447,1131728.3277157517,2081.3203,-3062.3228,1
171562.2444778543,1131689.429077371,1412.7141,-3118.1353,1
172457.2280417708,1131656.7147010886,2782.2,-3144.0437,1
171631.39810960443,1131644.5750921026,1519.322,-3212.1582,1
171927.05380287726,1131627.9108581895,1956.4797,-3192.6145,1
172331.69431977495,1131628.547998211,2580.6826,-3173.0708,1
171680.46300197454,1131652.0072444207,1609.2625,-3215.2915,1
172127.88172890537,1131581.9268359519,2275.73,-3234.723,1
172067.05683245257,1131578.6132237255,2189.4282,-3257.7603,1
171758.06869670688,1131568.500166813,1735.6078,-3290.3333,1
171813.41189450916,1131561.6741949308,1813.7626,-3283.8188,1
171952.65083349583,1131566.2168903337,2016.8252,-3286.5396,1
171656.95095983444,1131549.8609814392,1544.748,-3331.9302,1
171711.72482020274,1131568.884114481,1654.5735,-3327.554,1
172299.52510332855,1131537.6915644899,2523.6748,-3312.4478,1
172373.05802551904,1131538.3255448183,2652.706,-3303.3623,1
172755.63935659148,1131530.0761407414,3267.7092,-3322.698,1
171986.4223860762,1131498.5350991166,2087.897,-3388.052,1
171954.52355054297,1131485.0388334463,2037.1313,-3407.5955,1
172593.6935482611,1131489.3669942683,2983.275,-3390.1729,1
171711.57406949723,1131430.4992132082,1658.7827,-3505.3145,1
172316.63479231924,1131440.970158874,2557.1875,-3461.421,1
171666.0160380254,1131427.951122508,1567.5531,-3511.829,1
171751.0334860959,1131422.6394063963,1727.461,-3505.3142,1
171742.8374217685,1131374.423127168,1726.6196,-3601.9866,1
171825.5772511805,1131339.0568525551,1849.2986,-3616.0625,1
172321.25875876978,1131364.854535187,2580.6826,-3590.0042,1
171875.993543403,1131332.6305371018,1929.1481,-3623.6274,1
172268.98953291858,1131355.1221550673,2509.3125,-3603.9165,1
171612.88013032058,1131319.7491012423,1479.22,-3681.1704,1
171970.37771302625,1131306.034767,2067.5908,-3661.6643,1
171975.1442557595,1131257.2059821973,2071.7173,-3759.3833,1
172258.04408844773,1131269.7177341857,2466.2747,-3760.6836,1
171971.33384610084,1131215.4423808355,2062.5142,-3824.529,1
171811.6944065289,1131200.803087384,1828.9923,-3857.102,1
172094.07224126588,1131185.5173754606,2240.1938,-3863.6167,1
171474.20698035124,1131168.6873193085,1288.1176,-3946.281,1
171819.58193425243,1131137.9772521069,1828.9923,-3948.3062,1
171668.2007882568,1131140.5746964756,1585.3173,-3961.3354,1
171610.77281684606,1131100.6998776945,1490.7281,-3993.9082,1
172128.87732324487,1131111.6653712941,2275.73,-3961.3354,1
171454.37033704526,1131076.4122213451,1235.0344,-4072.0833,1
171485.36615271863,1131070.7327651107,1324.9287,-4103.273,1
171934.8498705399,1131044.0898117754,2011.7485,-4072.0833,1
171604.16204482017,1131019.2735145756,1503.8396,-4145.6626,1
171857.51315041262,1130992.393983974,1926.8068,-4178.327,1
171554.900813531,1130957.011309697,1453.3267,-4228.433,1
172267.49603581105,1130935.3809679823,2464.9126,-4186.596,1
171481.22050486747,1130954.6872489848,1346.6813,-4241.4624,1
171432.09566845905,1130959.9237676112,1270.5703,-4254.4917,1
171821.44068643736,1130943.7495844928,1889.911,-4247.977,1
171919.3329194533,1130919.7519865788,1976.2128,-4247.977,1
172347.40044392657,1130925.8889252509,2637.3281,-4219.341,1
171437.0239744785,1130892.599693476,1285.8,-4358.7246,1
172007.63259005852,1130900.4605308876,2052.511,-4326.1523,1
172301.2907119769,1130871.853792856,2500.1477,-4304.0366,1
172367.7273507354,1130801.9395805523,2626.0127,-4443.4146,1
171722.80982311114,1130755.6907481083,1697.0016,-4554.162,1
171680.6271158151,1130683.3923868826,1677.257,-4663.648,1
172260.90635944408,1130665.9363787614,2606.641,-4676.1333,1
171611.1467159252,1130317.3697702906,1559.9344,-5257.7373,1
171803.95906296046,1132895.5545383117,1656.3892,-1259.2124,1
171824.57104510645,1132864.2402184287,1691.925,-1317.5062,1
171786.76050666661,1132842.9165621877,1631.0063,-1330.4604,1
171756.48632278657,1132531.5072271896,1600.5469,-1783.8562,1
171757.70305487493,1132476.664899191,1651.3125,-1913.398,1
172524.79003684354,1132468.5546771449,2815.7124,-1926.352,1
172044.38738105042,1132495.6590093349,2155.0376,-1952.2604,1
171827.23992356638,1132463.6009838998,1813.7626,-2004.077,1
172110.77066359218,1132339.1290856448,2230.0408,-2107.7104,1
172356.0583888568,1132310.3535806474,2585.4001,-2140.0957,1
172334.95764394695,1132282.8846587574,2544.7876,-2178.9583,1
172461.98768320744,1132276.0896886808,2729.5376,-2178.9583,1
172224.0058735717,1132256.178367593,2367.108,-2237.252,1
172403.93879138018,1132219.393001461,2657.725,-2243.729,1
172114.06010088196,1132225.2907992362,2212.4873,-2269.6375,1
172270.87109618617,1132217.0626583868,2422.9502,-2282.5918,1
172430.4766208035,1132195.4606784666,2686.9314,-2282.5918,1
172486.81441930236,1132157.489611663,2782.2,-2327.9312,1
172421.92729668153,1132147.9978383672,2686.45,-2340.8853,1
172379.45770617347,1132106.3701527398,2619.4248,-2418.6104,1
172407.39960383886,1132104.7444564637,2667.2998,-2418.6104,1
172446.8300409995,1132098.5301768882,2724.75,-2425.0874,1
172494.9677441445,1132073.712496088,2796.753,-2469.4958,1
172140.04321636044,1132075.878784101,2215.7642,-2482.525,1
172177.0420112071,1132074.2761047252,2290.9595,-2483.3813,1
172466.95892618105,1132071.8807113396,2753.539,-2482.525,1
172515.00993920618,1132042.5158855105,2818.922,-2522.2437,1
171970.2848203366,1132069.2160642275,1960.9829,-2535.1978,1
172390.33800595725,1132034.302701363,2636.1658,-2561.1062,1
172359.3454072834,1132022.3644223325,2595.5532,-2574.0605,1
172470.97526903712,1132014.2984410021,2767.9438,-2586.7583,1
172091.1555937195,1131990.7381592055,2177.3516,-2606.302,1
172202.05641016693,1131985.4393771472,2355.0093,-2612.8167,1
172143.8416118201,1131975.77616844,2273.3828,-2619.3313,1
172758.73682498652,1131916.232746465,3200.0842,-2710.5354,1
171950.58704788893,1131949.4063804715,1940.6766,-2723.5645,1
172706.1009653061,1131933.7736885855,3108.8545,-2717.05,1
171779.13456217814,1131919.4100763514,1721.2031,-2736.5938,1
171709.32487277177,1131942.412713214,1605.9656,-2736.5938,1
172210.03863835928,1131909.0897683273,2377.2612,-2748.9417,1
172496.68540358866,1131907.0647166462,2806.3562,-2756.1375,1
171915.02553239322,1131925.1007352355,1908.4641,-2775.6812,1
171948.70403145644,1131912.5711802219,1951.6782,-2788.7104,1
172736.97349744546,1131881.875604653,3199.6643,-2787.8042,1
171799.5543918276,1131904.4194965244,1737.6141,-2800.7583,1
172314.59732311484,1131876.2185930833,2554.941,-2800.7583,1
172268.12613223668,1131864.266815559,2483.869,-2813.7124,1
171744.84232578098,1131892.793422693,1656.3892,-2827.7979,1
171573.32175498485,1131877.1010626524,1402.561,-2846.098,1
172243.3715698069,1131826.536371925,2438.1797,-2852.575,1
172728.0865596009,1131849.6712091418,3156.87,-2860.3708,1
171482.13978389718,1131842.660126709,1285.8,-2886.4292,1
172150.597720567,1131823.8232694743,2282.9858,-2899.4583,1
171643.92383831833,1131830.7710309562,1519.322,-2917.3457,1
171710.17793770827,1131835.132362561,1605.9656,-2919.002,1
172103.54084285148,1131830.5902474097,2230.0408,-2919.002,1
171804.08939311552,1131814.7987479432,1762.4624,-2949.7312,1
172454.8360789551,1131781.3070900324,2752.9268,-2958.0896,1
172097.50998747046,1131779.6809898051,2207.7,-2969.1624,1
172258.00081244446,1131749.7284582388,2458.486,-2964.604,1
171619.59453944728,1131771.9791442766,1519.322,-3014.502,1
172268.0353904059,1131704.5239957345,2470.2468,-3055.8083,1
172374.33342016384,1131708.5239757835,2657.5078,-3062.3228,1
172224.0466517534,1131690.6894183483,2407.7205,-3075.352,1
172452.72696204702,1131708.6321258997,2772.625,-3079.273,1
172173.24627095956,1131692.3947082327,2335.8032,-3088.3813,1
171587.6587997948,1131711.669367826,1461.9187,-3101.4104,1
171663.39252311565,1131718.4058051642,1567.5531,-3107.925,1
172273.95332938625,1131669.209496796,2483.869,-3105.1812,1
172523.19906008197,1131696.6355785397,2844.305,-3105.1812,1
172133.21079409597,1131675.5859808868,2260.5,-3111.6582,1
171803.26064189433,1131684.7731138095,1793.4563,-3120.954,1
171999.9148494473,1131688.659927098,2082.8203,-3114.4395,1
171716.957978685,1131705.7044363604,1671.6188,-3124.6125,1
171623.8549171032,1131685.9475076047,1509.9343,-3153.527,1
172010.77857548726,1131641.5073369648,2128.5095,-3169.9521,1
171872.74990654818,1131667.003857697,1854.3751,-3182.9062,1
171978.53725522733,1131610.8369163263,2052.511,-3218.6729,1
172200.6196606653,1131596.17297371,2377.2612,-3212.1582,1
171893.94695569528,1131598.1032768816,1918.067,-3251.2456,1
172343.389811909,1131574.2858333446,2595.0874,-3257.7603,1
171509.34431317038,1131584.867831256,1306.1063,-3273.5854,1
172571.16524395754,1131573.1862650916,2955.9893,-3273.5854,1
172478.69555406016,1131559.2114736356,2813.8455,-3280.0625,1
171714.2100262912,1131567.2120536312,1666.5422,-3316.3916,1
172133.79822081557,1131541.9354174822,2290.9595,-3318.9248,1
171654.47128225656,1131540.9950359904,1537.45,-3338.3562,1
172509.39657384218,1131511.1804388885,2863.5874,-3344.8333,1
172437.98570130506,1131501.9996550349,2753.539,-3361.9934,1
171631.17706849423,1131517.5255763098,1495.5297,-3375.0227,1
172377.61387857498,1131481.5190373056,2662.3093,-3401.081,1
172493.436132422,1131475.4625179337,2829.0752,-3414.1104,1
171927.64133957305,1131445.173181996,2001.8374,-3461.421,1
172410.9417145733,1131437.0745056623,2702.1611,-3479.2563,1
172144.10392774455,1131428.1164038216,2336.6484,-3487.329,1
171640.59828629627,1131428.0917805517,1519.322,-3505.3142,1
172183.4334025162,1131364.3363467762,2365.6875,-3558.5771,1
172419.38501959603,1131369.6204999362,2717.3909,-3570.4604,1
171942.54368430152,1131362.5987255129,2037.1312,-3590.0042,1
172145.73429992178,1131349.8866907663,2321.3984,-3583.4895,1
171907.4538476783,1131360.4715066866,1981.2892,-3596.5186,1
171664.55377030946,1131372.8698003725,1572.3547,-3603.0332,1
172103.36958103254,1131333.7095347177,2268.581,-3609.5479,1
172353.84985108196,1131326.2876576863,2652.9375,-3636.302,1
172273.6526249948,1131313.9737707025,2499.0562,-3668.1794,1
172075.15469031676,1131301.4323111658,2220.5654,-3674.6938,1
172113.21262575284,1131263.3770785215,2219.8877,-3752.8894,1
171856.8152584265,1131236.4339531756,1915.2938,-3785.4417,1
172304.39027561346,1131248.2935679504,2504.1753,-3785.275,1
172533.14033273465,1132150.1487271192,2849.5703,-2339.204,1
172584.48350369048,1132154.0546520038,2916.792,-2352.2334,1
172014.2989591339,1132146.0514236316,2062.114,-2371.777,1
172538.65339073192,1132075.4228210775,2854.458,-2449.9521,1
172742.1003664587,1132117.6990438558,3080.0454,-2469.4958,1
171750.02563910588,1132033.1032419992,1707.1548,-2547.671,1
172284.3324937051,1132020.5831809868,2479.85,-2573.7292,1
172162.09388330986,1131938.5762308433,2290.9595,-2684.477,1
172300.32172095936,1131919.770515819,2514.3281,-2723.5645,1
172009.6406487491,1131936.7660054076,2040.1375,-2723.0332,1
172255.1287859059,1131919.443976631,2422.9502,-2736.5938,1
172171.470640583,1131891.7793246054,2326.2,-2756.1375,1
172131.3179194565,1131897.9751973914,2255.4236,-2782.1958,1
171862.27060315068,1131866.017964092,1869.6047,-2899.4583,1
171562.5038073549,1131824.0628635024,1407.6376,-2938.546,1
172591.1611067796,1131769.6543534093,2996.6018,-2971.1187,1
172280.50700587002,1131745.577436749,2499.0562,-2984.148,1
171514.1580392197,1131757.235410771,1316.2594,-3029.75,1
172318.5407169939,1131693.5643724694,2565.0938,-3088.3813,1
171884.46296006138,1131705.3805648044,1889.911,-3107.925,1
171739.73757781257,1131689.7137118625,1747.7672,-3140.4978,1
172162.63028318016,1131627.6621943084,2306.1892,-3147.0125,1
172154.6094344478,1131581.1374358418,2321.419,-3218.6729,1
172615.74317638105,1131598.7859745787,3016.908,-3225.1875,1
172474.41114473328,1131522.163659278,2803.6924,-3342.45,1
172213.93826795457,1131485.1323796348,2402.644,-3355.479,1
172052.98388736698,1131479.726450695,2194.505,-3381.5376,1
172567.12050571185,1131442.4310027203,2930.6064,-3472.7415,1
172393.54528415168,1131314.635343121,2758.3406,-3642.1206,1
172043.97342851508,1131272.9706709352,2158.9688,-3746.354,1
171525.59117773615,1131259.372760769,1361.9485,-3818.0146,1
171589.4977026714,1131236.9718061744,1447.514,-3818.0146,1
171750.24047964832,1131216.6818756564,1722.3844,-3837.558,1
171843.54654083846,1131200.1127826427,1894.0593,-3850.5874,1
172200.1867552525,1131182.6460333015,2387.414,-3857.1023,1
171882.36196256976,1131177.515704308,1946.8765,-3883.1606,1
171850.83349058314,1131157.8968103915,1894.0593,-3922.2478,1
171567.3522292143,1131153.4930033586,1407.6376,-3948.3062,1
171916.031685482,1131096.304750576,1981.2893,-3993.9082,1
172167.98512687473,1131087.2690397126,2331.0015,-3993.9082,1
171715.30287810453,1131104.450589767,1661.4657,-4032.9956,1
172192.6426819169,1131032.0574567132,2351.8784,-4065.5688,1
171816.25991452567,1131067.8099190425,1813.7626,-4072.0833,1
171884.05593196143,1131058.2898003967,1940.6766,-4072.0833,1
171799.8316032824,1131014.7261431061,1823.9158,-4150.2583,1
171872.77537247667,1130953.8223900949,1937.2734,-4189.3457,1
171600.9243716314,1130925.3376606998,1509.1688,-4319.6377,1
172263.4593054503,1130817.8881127068,2453.4097,-4423.871,1
171813.48618787873,1130730.9636464603,1849.2986,-4580.2207,1
171721.5305004604,1130705.7815746216,1735.6078,-4645.3667,1
172258.7050999336,1130665.4194670245,2570.1704,-4717.0273,1
171679.88559651174,1130678.1061902377,1658.7827,-4736.571,1
171692.09948929545,1130627.5546748734,1691.925,-4795.202,1
171646.0268518148,1130322.737217339,1615.7766,-5238.1934,1
171605.20601090582,1130255.3008922767,1538.7438,-5309.854,1
172309.4237799372,1132278.435738202,2509.3125,-2191.9126,1
172068.61151168068,1132211.7551601292,2140.6748,-2302.023,1
172484.80029288825,1132106.9114605023,2777.4126,-2405.6562,1
171873.4023312147,1132152.0320788645,1886.9375,-2425.0874,1
172540.21111849818,1132072.8953695297,2854.0125,-2463.95,1
172354.22553943336,1132077.0885920483,2605.0625,-2489.8584,1
171949.73101067383,1132012.9059945275,1922.8688,-2625.8457,1
172114.3763158123,1131939.6022858843,2236.4248,-2671.2166,1
172602.56164430146,1131935.3127213381,2944.975,-2710.079,1
173250.66411221394,1131864.6518222939,4012.5876,-2735.9875,1
173270.30730940468,1131836.2396860113,4074.825,-2761.8958,1
171762.63843661384,1131912.033035164,1692.3938,-2775.6812,1
172101.45145523487,1131876.6924649947,2241.2124,-2826.6665,1
171909.4939460467,1131871.054283129,1906.0874,-2878.4834,1
172046.58120026032,1131656.5360450947,2183.7625,-3137.5667,1
172284.57815984506,1131621.8352306315,2494.95,-3182.9062,1
171764.06522094336,1131522.6909983254,1730.8062,-3375.023,1
171649.4995842458,1131469.4693200781,1523.0875,-3454.9438,1
171949.12905526737,1131418.9017616645,2044.9252,-3506.7605,1
171793.19088154542,1131373.748227928,1778.8218,-3563.9456,1
172262.94486850768,1132171.7697156854,2451.0405,-2358.7478,1
171878.56815733292,1132197.599369168,1942.075,-2371.777,1
172001.05317415617,1132106.9406889253,1966.0828,-2482.525,1
172758.8249408476,1132071.487483167,3108.8545,-2554.1853,1
172792.50886253832,1132017.8573935386,3214.489,-2560.7,1
172278.30294772438,1131972.4920258445,2465.4453,-2612.8167,1
172016.17481019878,1131990.2480166254,1990.0907,-2671.448,1
173222.15569929118,1131853.960818782,3968.3342,-2749.6228,1
172821.72029668422,1131853.438089273,3334.528,-2821.2832,1
172049.854117223,1131866.6507867726,2153.3438,-2827.7979,1
171909.2583905439,1131830.8268691413,1927.6703,-2905.973,1
173280.41656987916,1131701.711139684,4073.9685,-2977.6333,1
172217.11251604077,1131734.1961856282,2393.4219,-2990.6626,1
171754.27970748272,1131798.5434482314,1682.7905,-3010.2063,1
172440.37924249907,1131614.4074054924,2739.1343,-3238.2166,1
172169.16392234032,1131560.5311712946,2350.2078,-3277.3042,1
171832.88559983406,1131540.308519371,1860.4485,-3342.45,1
172557.1570619483,1131482.6511382062,2921.5938,-3394.5667,1
171866.85909953923,1131277.6437434913,1932.4719,-3726.8105,1
171751.98112561466,1131185.4008635883,1759.6156,-3857.102,1
171615.0138790012,1131182.1384574661,1490.7281,-3889.6748,1
171884.43494347928,1131155.5510312608,1942.075,-3915.7334,1
171883.41514950607,1131058.842131684,1922.8687,-4072.0833,1
171826.69728338518,1130979.2357848978,1889.2578,-4189.3457,1
171866.56175305188,1130830.1861368255,1894.0593,-4449.929,1
171724.93102979744,1130755.1582521244,1754.814,-4554.162,1
